Loss Score,Precision,Recall
3.5026862621307373,0.0,0.0
2.908496379852295,0.5769230723381042,0.05859375
