Loss Score,Accuracy,Precision,Recall
3.604292869567871,0.0,0.0,0.0
3.295599937438965,0.0,0.3333333432674408,0.00390625
3.3101632595062256,0.0,0.20000000298023224,0.00390625
2.965376853942871,0.0,0.5,0.01171875
