,Epoch Num,Loss Score,Precision,Recall
0,3.57314395904541,0.0,0.0
1,3.115245819091797,0.0,0.0
