,Epoch Num,Loss Score,Precision,Recall
0,3.814255714416504,0.0,0.0
1,3.2934744358062744,0.0,0.0
