,Epoch Num,Loss Score,Precision,Recall
0,3.6371898651123047,0.0,0.0
1,3.363133430480957,0.0,0.0
