Loss Score,Precision,Recall
3.4503262042999268,0.0,0.0
3.007777690887451,0.5454545617103577,0.0234375
3.058534860610962,0.23529411852359772,0.015625
2.642620325088501,0.692307710647583,0.0703125
3.083509922027588,0.25,0.02734375
2.6658382415771484,0.8888888955116272,0.03125
2.6827609539031982,0.37142857909202576,0.05078125
2.242359161376953,0.6785714030265808,0.07421875
