Loss Score,Accuracy,Precision,Recall
3.5832529067993164,0.0,0.0,0.0
3.3086352348327637,0.0,0.0,0.0
