Loss Score,Accuracy,Precision,Recall
3.5185279846191406,0.0,0.0,0.0
3.1857986450195312,0.0,0.0,0.0
