Loss Score,Accuracy,Precision,Recall
3.64642071723938,0.0,0.0,0.0
3.155088424682617,0.0,0.5833333134651184,0.02734375
3.4091124534606934,0.0,0.11764705926179886,0.0078125
3.055650234222412,0.0,1.0,0.00390625
