Loss Score,Accuracy,Precision,Recall
3.6946537494659424,0.0,0.0,0.0
3.2821168899536133,0.0,0.75,0.01171875
