Loss Score,Accuracy,Precision,Recall
3.631450653076172,0.0,0.0,0.0
3.201078414916992,0.00020559210679493845,0.5,0.015625
