,Group Num,JARVIS-loss,JARVIS-precision,JARVIS-recall,VISION-loss,VISION-precision,VISION-recall,ULTRON-loss,ULTRON-precision,ULTRON-recall
0,0.0,3.101223945617676,0.0,0.0,3.533254623413086,0.3636363744735718,0.0625,3.1065847873687744,0.0,0.0
1,1.0,3.1178760528564453,0.0,0.0,3.3955600261688232,0.375,0.046875,3.118774175643921,0.0,0.0
2,2.0,3.12424373626709,0.0,0.0,3.2525038719177246,0.4000000059604645,0.0625,3.12497615814209,0.0,0.0
3,3.0,3.129084825515747,0.0,0.0,3.489758014678955,0.3333333432674408,0.046875,3.136002540588379,0.0,0.0
