Target Str,Target Int,FTR0,FTR1,FTR2,FTR3,FTR4,FTR5,FTR6,FTR7,FTR8,FTR9,FTR10,FTR11,FTR12,FTR13,FTR14,FTR15,FTR16,FTR17,FTR18,FTR19,FTR20,FTR21,FTR22,FTR23
Unknown,0,0.36141378084439496,0.0,0.0,0.0,0.0,432.5,708.5094351341583,0.9956439741118949,0.9872426994910887,0.9763771796194914,0.9636356835256997,6.6196439503841065,-3.3541874846951294,3.1308995281275793,-1.9693239848564992,1.6935368608823265,-0.858202238872555,0.6970497594487275,-0.7989782016210359,0.09542857866027302,-0.20082805960385855,0.2573775123935895,1.1958118811640693e-14,2006.6796794730813
